,Date,Low,High,Close,Open
0,2012-05-18,38.0,45.0,38.2318,42.05
1,2012-05-21,33.0,36.66,34.03,36.53
2,2012-05-22,30.94,33.59,31.0,32.61
3,2012-05-23,31.36,32.5,32.0,31.37
4,2012-05-24,31.77,33.21,33.03,32.95
5,2012-05-25,31.11,32.95,31.91,32.9
6,2012-05-29,28.65,31.69,28.84,31.48
7,2012-05-30,27.86,29.55,28.19,28.695
8,2012-05-31,26.83,29.67,29.6,28.545
9,2012-06-01,27.39,29.15,27.72,28.892
10,2012-06-04,26.44,27.65,26.9,27.2
11,2012-06-05,25.75,27.76,25.869,26.7
12,2012-06-06,25.52,27.17,26.81,26.07
13,2012-06-07,26.15,27.35,26.31,27.0
14,2012-06-08,26.44,27.76,27.1,26.55
15,2012-06-11,26.835,28.07,27.005,27.18
16,2012-06-12,26.96,27.77,27.4,27.48
17,2012-06-13,27.1,28.1,27.27,27.66
18,2012-06-14,27.38,28.32,28.29,27.65
19,2012-06-15,28.35,30.1,30.014,28.505
20,2012-06-18,29.41,32.08,31.41,29.955
21,2012-06-19,30.7,32.18,31.911,31.535
22,2012-06-20,31.15,31.9288,31.6,31.92
23,2012-06-21,31.51,32.5,31.84,31.67
24,2012-06-22,32.06,33.45,33.05,32.41
25,2012-06-25,31.55,33.02,32.06,32.86
26,2012-06-26,32.5,33.44,33.1,32.69
27,2012-06-27,31.9,32.9,32.23,32.46
28,2012-06-28,30.9,32.19,31.36,31.96
29,2012-06-29,30.76,31.99,31.095,31.92
30,2012-07-02,30.55,31.73,30.771,31.25
31,2012-07-03,30.8,31.44,31.2,30.91
32,2012-07-05,31.02,31.625,31.47,31.32
33,2012-07-06,31.26,31.9,31.73,31.44
34,2012-07-09,31.99,32.88,32.17,32.1
35,2012-07-10,31.1599,32.48,31.47,32.43
36,2012-07-11,30.55,31.56,30.97,31.48
37,2012-07-12,30.6,31.4,30.81,30.7
38,2012-07-13,30.56,31.07,30.72,31.04
39,2012-07-16,28.21,30.5,28.245,30.5
40,2012-07-17,27.15,28.59,28.09,28.48
41,2012-07-18,28.15,29.29,29.11,28.31
42,2012-07-19,28.63,29.5,29.0,29.41
43,2012-07-20,28.72,29.47,28.76,29.0
44,2012-07-23,28.01,29.0,28.75,28.12
45,2012-07-24,28.1,29.45,28.45,28.82
46,2012-07-25,28.08,29.49,29.34,28.39
47,2012-07-26,26.73,28.23,26.845,27.75
48,2012-07-27,22.28,24.54,23.705,23.19
49,2012-07-30,23.03,24.04,23.15,23.995
50,2012-07-31,21.61,23.37,21.71,23.37
51,2012-08-01,20.84,21.58,20.88,21.5
52,2012-08-02,19.82,20.84,20.04,20.77
53,2012-08-03,19.9,22.16,21.09,20.36
54,2012-08-06,21.3,22.15,21.92,21.39
55,2012-08-07,20.5,22.45,20.72,22.2
56,2012-08-08,20.22,21.15,20.72,20.71
57,2012-08-09,20.61,21.17,21.01,20.75
58,2012-08-10,21.13,21.82,21.807,21.41
59,2012-08-13,21.4,22.45,21.6,22.15
60,2012-08-14,20.25,21.6,20.38,21.41
61,2012-08-15,20.4,21.41,21.2,20.64
62,2012-08-16,19.69,20.48,19.87,20.44
63,2012-08-17,19.0,20.08,19.05,20.005
64,2012-08-20,18.75,20.13,20.011,19.05
65,2012-08-21,19.09,19.98,19.159,19.58
66,2012-08-22,18.96,19.53,19.439,19.36
67,2012-08-23,19.36,19.73,19.44,19.5
68,2012-08-24,19.25,19.68,19.409,19.52
69,2012-08-27,19.1,19.53,19.15,19.49
70,2012-08-28,18.95,19.38,19.34,19.1
71,2012-08-29,19.07,19.38,19.1,19.32
72,2012-08-30,19.06,19.45,19.0885,19.27
73,2012-08-31,18.03,18.7,18.058,18.68
74,2012-09-04,17.55,18.27,17.729,18.08
75,2012-09-05,18.18,18.75,18.58,18.27
76,2012-09-06,18.72,19.2617,18.96,18.74
77,2012-09-07,18.78,19.42,18.98,19.1
78,2012-09-10,18.55,19.2,18.81,19.06
79,2012-09-11,18.85,19.581,19.43,18.92
80,2012-09-12,20.28,21.16,20.931,20.76
81,2012-09-13,20.61,21.48,20.713,20.955
82,2012-09-14,20.9,22.08,22.0,21.13
83,2012-09-17,21.5,22.75,21.52,22.67
84,2012-09-18,21.37,21.98,21.87,21.6
85,2012-09-19,21.77,23.37,23.29,21.99
86,2012-09-20,22.54,23.24,22.59,23.02
87,2012-09-21,22.6,23.24,22.86,22.97
88,2012-09-24,20.3625,21.98,20.79,21.78
89,2012-09-25,20.22,21.21,20.28,21.2
90,2012-09-26,19.8,20.78,20.62,20.145
91,2012-09-27,20.16,21.0,20.32,20.99
92,2012-09-28,20.5,21.95,21.66,20.57
93,2012-10-01,21.73,22.59,21.99,22.08
94,2012-10-02,21.82,22.49,22.27,22.08
95,2012-10-03,21.8,22.49,21.83,22.295
96,2012-10-04,21.41,22.4,21.9475,22.32
97,2012-10-05,20.88,21.63,20.91,21.49
98,2012-10-08,20.155,20.75,20.4,20.4
99,2012-10-09,19.97,20.55,20.227,20.39
100,2012-10-10,19.45,19.94,19.64,19.93
101,2012-10-11,19.61,19.96,19.75,19.88
102,2012-10-12,19.48,19.8,19.5181,19.75
103,2012-10-15,19.49,19.88,19.52,19.68
104,2012-10-16,19.3,19.69,19.48,19.68
105,2012-10-17,19.3718,20.48,19.88,19.5
106,2012-10-18,18.89,19.79,18.975,19.7
107,2012-10-19,18.8,19.06,19.0,19.0
108,2012-10-22,19.05,19.43,19.321,19.25
109,2012-10-23,19.1,19.8,19.5,19.25
110,2012-10-24,22.85,24.25,23.2299,24.13
111,2012-10-25,22.47,23.31,22.56,23.29
112,2012-10-26,21.88,22.88,21.9425,22.4
113,2012-10-31,20.73,21.5,21.11,20.82
114,2012-11-01,21.01,21.44,21.21,21.08
115,2012-11-02,21.07,21.69,21.18,21.26
116,2012-11-05,20.92,21.48,21.25,21.1
117,2012-11-06,20.99,21.37,21.1712,21.24
118,2012-11-07,20.37,20.95,20.47,20.85
119,2012-11-08,19.98,20.73,19.99,20.52
120,2012-11-09,19.13,20.0,19.21,19.955
121,2012-11-12,18.87,20.17,20.07,19.15
122,2012-11-13,19.56,20.11,19.86,19.605
123,2012-11-14,19.93,22.5,22.36,20.1
124,2012-11-15,21.65,22.5,22.17,22.34
125,2012-11-16,22.18,23.93,23.5607,22.25
126,2012-11-19,22.82,24.12,22.92,23.955
127,2012-11-20,22.7,23.9,23.1,22.73
128,2012-11-21,23.05,24.53,24.32,23.22
129,2012-11-23,23.88,24.68,23.998,24.58
130,2012-11-26,24.81,26.09,25.94,24.935
131,2012-11-27,25.46,26.5,26.15,26.04
132,2012-11-28,25.75,26.49,26.36,25.94
133,2012-11-29,26.16,27.52,27.32,26.5
134,2012-11-30,26.76,28.0,28.0,27.26
135,2012-12-03,26.98,28.88,27.04,27.9999
136,2012-12-04,26.68,27.76,27.46,27.06
137,2012-12-05,27.26,27.9,27.71,27.75
138,2012-12-06,26.82,27.75,26.97,27.68
139,2012-12-07,26.84,27.78,27.485,27.07
140,2012-12-10,27.1,28.17,27.84,27.17
141,2012-12-11,27.66,28.24,27.98,28.07
142,2012-12-12,27.37,28.14,27.5801,28.0
143,2012-12-13,27.43,28.75,28.24,27.59
144,2012-12-14,26.76,28.33,26.812,28.18
145,2012-12-17,26.32,27.0,26.75,26.77
146,2012-12-18,26.9,27.91,27.71,26.96
147,2012-12-19,26.95,28.22,27.41,27.83
148,2012-12-20,27.13,27.6,27.36,27.49
149,2012-12-21,26.12,27.01,26.26,26.66
150,2012-12-24,26.2,26.96,26.93,26.5
151,2012-12-26,26.375,27.18,26.51,27.03
152,2012-12-27,25.52,26.8,26.05,26.55
153,2012-12-28,25.15,26.11,25.9112,25.48
154,2012-12-31,26.11,26.99,26.6197,26.2
155,2013-01-02,27.42,28.18,28.0,27.44
156,2013-01-03,27.59,28.47,27.77,27.88
157,2013-01-04,27.83,28.93,28.76,28.01
158,2013-01-07,28.65,29.79,29.4213,28.69
159,2013-01-08,28.86,29.6,29.0607,29.51
160,2013-01-09,29.49,30.6,30.59,29.67
161,2013-01-10,30.28,31.45,31.3,30.6
162,2013-01-11,31.1,31.96,31.72,31.28
163,2013-01-14,30.62,32.21,30.9475,32.08
164,2013-01-15,29.88,31.71,30.1,30.64
165,2013-01-16,29.53,30.35,29.85,30.21
166,2013-01-17,30.03,30.42,30.14,30.08
167,2013-01-18,29.27,30.44,29.66,30.31
168,2013-01-22,29.74,30.89,30.729,29.75
169,2013-01-23,30.8,31.5,30.82,31.1
170,2013-01-24,30.81,31.49,31.08,31.27
171,2013-01-25,31.13,31.93,31.54,31.41
172,2013-01-28,31.81,32.5063,32.469,31.88
173,2013-01-29,30.71,32.07,30.79,32.0
174,2013-01-30,30.88,31.49,31.24,30.98
175,2013-01-31,28.74,31.47,30.981,29.15
176,2013-02-01,29.63,31.02,29.73,31.01
177,2013-02-04,28.01,29.2,28.109,29.06
178,2013-02-05,28.04,28.96,28.64,28.26
179,2013-02-06,28.66,29.29,29.05,28.74
180,2013-02-07,28.27,29.15,28.65,29.11
181,2013-02-08,28.51,29.17,28.545,28.89
182,2013-02-11,28.04,28.68,28.26,28.61
183,2013-02-12,27.1,28.16,27.37,27.67
184,2013-02-13,27.31,28.32,27.9075,27.36
185,2013-02-14,28.01,28.63,28.5,28.02
186,2013-02-15,28.09,28.75,28.32,28.52
187,2013-02-19,28.12,29.08,28.93,28.23
188,2013-02-20,28.33,29.05,28.462,28.92
189,2013-02-21,27.15,28.55,27.283,28.28
190,2013-02-22,26.82,27.63,27.13,27.62
191,2013-02-25,27.15,27.64,27.27,27.16
192,2013-02-26,26.7,27.46,27.39,27.36
193,2013-02-27,26.63,27.34,26.87,27.34
194,2013-02-28,26.34,27.3,27.25,26.84
195,2013-03-01,26.81,28.1164,27.78,27.05
196,2013-03-04,27.44,28.06,27.72,27.76
197,2013-03-05,27.21,28.18,27.52,27.88
198,2013-03-06,27.35,28.13,27.4525,28.1
199,2013-03-07,27.47,28.675,28.578,27.57
200,2013-03-08,27.73,28.47,27.96,28.425
201,2013-03-11,27.83,28.64,28.14,28.01
202,2013-03-12,27.6,28.32,27.83,28.1
203,2013-03-13,26.92,27.65,27.08,27.62
204,2013-03-14,26.83,27.43,27.04,27.1
205,2013-03-15,26.56,27.06,26.645,27.03
206,2013-03-18,25.78,26.79,26.49,26.37
207,2013-03-19,26.21,26.9,26.55,26.53
208,2013-03-20,25.78,26.69,25.86,26.68
209,2013-03-21,25.56,26.11,25.74,25.66
210,2013-03-22,25.63,26.01,25.73,25.796
211,2013-03-25,25.078,25.8,25.131,25.75
212,2013-03-26,25.03,25.48,25.205,25.08
213,2013-03-27,24.72,26.28,26.09,25.0
214,2013-03-28,25.52,26.17,25.58,26.09
215,2013-04-01,25.28,25.89,25.53,25.63
216,2013-04-02,25.3,26.12,25.42,25.77
217,2013-04-03,25.7,26.39,26.25,25.83
218,2013-04-04,26.11,27.2301,27.0725,26.62
219,2013-04-05,26.61,27.8,27.39,26.86
220,2013-04-08,26.63,27.2,26.849,27.19
221,2013-04-09,26.42,26.89,26.59,26.58
222,2013-04-10,26.9,27.84,27.57,27.0099
223,2013-04-11,27.25,28.1,28.0175,27.48
224,2013-04-12,27.24,28.0,27.4,28.0
225,2013-04-15,26.36,27.48,26.52,27.16
226,2013-04-16,26.4,27.11,26.92,26.81
227,2013-04-17,26.39,27.2,26.625,26.65
228,2013-04-18,25.15,26.82,25.69,26.82
229,2013-04-19,25.33,25.96,25.73,25.62
230,2013-04-22,25.7,26.36,25.97,25.81
231,2013-04-23,25.77,26.33,25.98,26.215
232,2013-04-24,25.8,26.4,26.11,25.93
233,2013-04-25,26.0,26.4,26.14,26.07
234,2013-04-26,26.6,27.62,26.85,26.6
235,2013-04-29,26.86,27.41,26.98,27.16
236,2013-04-30,27.005,27.85,27.769,27.13
237,2013-05-01,27.31,27.915,27.43,27.85
238,2013-05-02,27.98,29.02,28.97,28.0099
239,2013-05-03,28.15,29.07,28.311,29.04
240,2013-05-06,27.48,28.46,27.57,28.33
241,2013-05-07,26.85,27.85,26.889,27.55
242,2013-05-08,26.65,27.3,27.12,26.88
243,2013-05-09,26.85,27.55,27.04,27.08
244,2013-05-10,26.57,27.3,26.68,27.14
245,2013-05-13,26.531,27.325,26.82,26.6
246,2013-05-14,26.82,27.28,27.07,26.8854
247,2013-05-15,26.4,26.99,26.6,26.92
248,2013-05-16,25.9,26.55,26.13,26.48
249,2013-05-17,26.2,26.6,26.25,26.4
250,2013-05-20,25.69,26.19,25.759,26.18
251,2013-05-21,25.59,26.075,25.66,25.87
252,2013-05-22,24.92,25.85,25.159,25.65
253,2013-05-23,24.77,25.53,25.06,24.8
254,2013-05-24,24.08,24.97,24.3125,24.97
255,2013-05-28,23.92,24.54,24.1,24.54
256,2013-05-29,23.26,23.81,23.32,23.79
257,2013-05-30,23.93,24.779,24.55,24.13
258,2013-05-31,24.27,24.95,24.348,24.63
259,2013-06-03,23.71,24.32,23.848,24.265
260,2013-06-04,23.32,23.93,23.52,23.89
261,2013-06-05,22.79,23.705,22.899,23.35
262,2013-06-06,22.67,23.09,22.97,22.99
263,2013-06-07,22.86,23.4,23.291,23.03
264,2013-06-10,23.99,24.6,24.33,24.06
265,2013-06-11,24.0,24.35,24.03,24.03
266,2013-06-12,23.58,24.26,23.77,24.16
267,2013-06-13,23.265,23.83,23.73,23.72
268,2013-06-14,23.26,23.89,23.63,23.56
269,2013-06-17,23.75,24.25,24.022,23.91
270,2013-06-18,24.08,24.69,24.21,24.09
271,2013-06-19,24.1,25.19,24.309,24.2
272,2013-06-20,23.65,24.745,23.9,24.28
273,2013-06-21,24.05,24.7,24.53,24.59
274,2013-06-24,23.38,24.11,23.935,23.95
275,2013-06-25,24.04,24.43,24.25,24.14
276,2013-06-26,23.99,24.65,24.16,24.51
277,2013-06-27,24.21,24.84,24.66,24.24
278,2013-06-28,24.42,24.98,24.88,24.68
279,2013-07-01,24.62,25.0601,24.81,24.9694
280,2013-07-02,24.3,24.77,24.41,24.7
281,2013-07-03,24.15,24.71,24.52,24.22
282,2013-07-05,24.2,24.66,24.37,24.65
283,2013-07-08,24.42,25.04,24.71,24.47
284,2013-07-09,25.03,25.49,25.48,25.07
285,2013-07-10,25.47,25.83,25.8,25.58
286,2013-07-11,25.45,26.0,25.81,25.96
287,2013-07-12,25.55,25.93,25.91,25.74
288,2013-07-15,25.65,26.43,26.28,25.93
289,2013-07-16,26.01,26.75,26.32,26.39
290,2013-07-17,26.3,26.78,26.65,26.37
291,2013-07-18,26.12,26.77,26.18,26.75
292,2013-07-19,25.6,26.1077,25.881,25.82
293,2013-07-22,25.72,26.13,26.045,25.99
294,2013-07-23,25.97,26.3,26.13,26.1
295,2013-07-24,26.05,26.53,26.51,26.32
296,2013-07-25,32.75,34.88,34.359,33.545
297,2013-07-26,33.56,34.73,34.01,33.77
298,2013-07-29,34.01,35.63,35.43,34.07
299,2013-07-30,35.32,37.96,37.627,35.65
300,2013-07-31,36.33,38.31,36.8,37.96
301,2013-08-01,36.92,38.29,37.489,37.3
302,2013-08-02,37.5,38.49,38.05,37.66
303,2013-08-05,38.25,39.32,39.189,38.43
304,2013-08-06,37.94,39.25,38.55,39.11
305,2013-08-07,37.7,38.94,38.87,38.61
306,2013-08-08,38.43,39.19,38.54,39.13
307,2013-08-09,38.01,38.74,38.5,38.59
308,2013-08-12,38.1,38.5,38.22,38.2
309,2013-08-13,36.77,38.32,37.019,38.24
310,2013-08-14,36.62,37.55,36.65,36.83
311,2013-08-15,36.0201,37.07,36.56,36.36
312,2013-08-16,36.9,37.49,37.08,36.97
313,2013-08-19,37.14,38.28,37.81,37.43
314,2013-08-20,37.69,38.58,38.41,38.35
315,2013-08-21,38.145,38.85,38.32,38.38
316,2013-08-22,38.34,38.75,38.55,38.37
317,2013-08-23,38.93,40.63,40.55,39.0
318,2013-08-26,40.62,41.94,41.34,40.9
319,2013-08-27,39.42,41.2,39.64,40.68
320,2013-08-28,39.88,40.85,40.548,39.96
321,2013-08-29,40.8,41.78,41.28,40.89
322,2013-08-30,41.06,42.26,41.294,42.025
323,2013-09-03,41.51,42.165,41.87,41.84
324,2013-09-04,41.44,42.17,41.78,42.01
325,2013-09-05,41.77,42.765,42.66,41.79
326,2013-09-06,42.4,44.61,43.95,43.09
327,2013-09-09,43.7,44.79,44.04,44.36
328,2013-09-10,43.23,44.26,43.6,44.24
329,2013-09-11,43.11,45.09,45.04,43.39
330,2013-09-12,44.65,45.62,44.75,45.53
331,2013-09-13,43.93,45.08,44.31,45.04
332,2013-09-16,42.43,44.94,42.51,44.85
333,2013-09-17,42.43,45.44,45.07,42.5
334,2013-09-18,44.395,45.47,45.23,44.84
335,2013-09-19,45.23,46.05,45.98,45.51
336,2013-09-20,45.74,47.6,47.49,46.32
337,2013-09-23,46.29,47.55,47.19,47.28
338,2013-09-24,48.16,49.66,48.45,48.505
339,2013-09-25,48.46,49.54,49.46,49.23
340,2013-09-26,49.5,50.6,50.39,50.01
341,2013-09-27,49.86,51.28,51.24,50.29
342,2013-09-30,49.8,51.6,50.23,50.14
343,2013-10-01,49.45,51.03,50.42,49.97
344,2013-10-02,49.95,51.1,50.28,50.13
345,2013-10-03,49.06,50.72,49.183,50.47
346,2013-10-04,49.57,51.16,51.04,49.77
347,2013-10-07,50.4,51.29,50.515,50.73
348,2013-10-08,47.08,50.6,47.14,50.6
349,2013-10-09,45.26,47.84,46.77,47.375
350,2013-10-10,47.83,49.68,49.05,47.865
351,2013-10-11,48.79,49.87,49.11,49.18
352,2013-10-14,47.91,49.63,49.51,48.31
353,2013-10-15,49.18,51.0,49.5,49.99
354,2013-10-16,49.9,51.24,51.135,50.04
355,2013-10-17,50.95,52.22,52.21,51.12
356,2013-10-18,53.6,54.825,54.22,54.18
357,2013-10-21,53.51,54.81,53.85,54.68
358,2013-10-22,52.2,54.76,52.675,54.33
359,2013-10-23,51.13,52.25,51.9,51.75
360,2013-10-24,51.5928,52.84,52.445,52.38
361,2013-10-25,51.88,53.24,51.95,53.18
362,2013-10-28,49.61,51.7,50.229,51.54
363,2013-10-29,49.25,50.79,49.395,50.73
364,2013-10-30,48.75,50.21,49.01,50.0
365,2013-10-31,46.5,52.0,50.205,47.155
366,2013-11-01,49.72,52.09,49.75,50.85
367,2013-11-04,48.02,49.75,48.22,49.365
368,2013-11-05,47.51,50.18,50.105,47.79
369,2013-11-06,48.71,50.45,49.12,50.26
370,2013-11-07,47.3,49.87,47.56,49.24
371,2013-11-08,47.25,48.65,47.53,47.81
372,2013-11-11,45.73,47.53,46.2,47.04
373,2013-11-12,45.83,47.37,46.605,46.0
374,2013-11-13,46.06,48.74,48.71,46.23
375,2013-11-14,48.03,49.57,48.99,48.7
376,2013-11-15,48.71,49.48,49.01,49.11
377,2013-11-18,45.8,48.84,45.83,48.47
378,2013-11-19,45.72,47.0,46.36,46.26
379,2013-11-20,46.31,47.55,46.43,46.61
380,2013-11-21,46.685,47.46,46.7,46.99
381,2013-11-22,45.96,47.27,46.23,47.04
382,2013-11-25,44.04,46.65,44.82,46.36
383,2013-11-26,43.55,46.17,45.89,44.66
384,2013-11-27,45.53,46.67,46.49,45.97
385,2013-11-29,46.5,47.21,47.01,46.75
386,2013-12-02,46.26,47.54,47.06,46.9
387,2013-12-03,46.29,47.2,46.73,46.75
388,2013-12-04,46.26,48.77,48.62,46.46
389,2013-12-05,47.87,48.7,48.34,48.15
390,2013-12-06,47.71,49.39,47.94,48.98
391,2013-12-09,47.74,48.97,48.84,48.09
392,2013-12-10,48.54,50.77,50.245,48.64
393,2013-12-11,49.01,50.77,49.38,50.55
394,2013-12-12,50.66,52.07,51.83,51.045
395,2013-12-13,51.34,53.5,53.32,51.66
396,2013-12-16,52.91,54.5,53.81,53.25
397,2013-12-17,54.24,55.18,54.86,54.76
398,2013-12-18,53.75,55.89,55.57,54.86
399,2013-12-19,53.95,55.19,55.05,54.33
400,2013-12-20,54.23,55.15,55.12,54.93
401,2013-12-23,55.45,58.32,57.77,55.5
402,2013-12-24,56.91,58.58,57.96,58.27
403,2013-12-26,57.37,58.38,57.73,58.32
404,2013-12-27,55.25,57.68,55.44,57.48
405,2013-12-30,53.43,55.18,53.71,54.93
406,2013-12-31,53.91,54.86,54.649,54.12
407,2014-01-02,54.19,55.22,54.71,54.83
408,2014-01-03,54.53,55.65,54.557,55.02
409,2014-01-06,54.05,57.26,57.2,54.42
410,2014-01-07,57.22,58.55,57.92,57.7
411,2014-01-08,57.23,58.41,58.23,57.6
412,2014-01-09,56.65,58.96,57.22,58.65
413,2014-01-10,57.06,58.3,57.94,57.13
414,2014-01-13,55.38,58.25,55.91,57.91
415,2014-01-14,56.1,57.78,57.74,56.46
416,2014-01-15,57.27,58.57,57.6,57.98
417,2014-01-16,56.83,58.02,57.19,57.26
418,2014-01-17,56.07,57.82,56.3,57.3
419,2014-01-21,56.5,58.58,58.51,56.6
420,2014-01-22,57.1,59.31,57.51,58.85
421,2014-01-23,55.6855,56.68,56.63,56.37
422,2014-01-24,54.4,56.42,54.45,56.15
423,2014-01-27,51.85,54.9401,53.55,54.73
424,2014-01-28,54.0,55.28,55.14,54.02
425,2014-01-29,53.19,54.95,53.53,54.61
426,2014-01-30,60.46,62.5,61.08,62.12
427,2014-01-31,60.17,63.37,62.57,60.47
428,2014-02-03,60.7,63.77,61.48,63.03
429,2014-02-04,61.82,63.14,62.75,62.05
430,2014-02-05,61.27,63.16,62.19,62.74
431,2014-02-06,61.46,62.78,62.16,61.46
432,2014-02-07,62.22,64.57,64.32,62.27
433,2014-02-10,63.473,64.49,63.548,64.3
434,2014-02-11,63.35,65.0,64.851,63.75
435,2014-02-12,64.05,65.06,64.45,64.92
436,2014-02-13,64.05,67.33,67.33,64.18
437,2014-02-14,66.72,67.58,67.09,67.5
438,2014-02-18,66.07,67.5397,67.3,66.94
439,2014-02-19,67.0,69.08,68.06,67.05
440,2014-02-20,65.727,70.11,69.63,67.73
441,2014-02-21,68.45,69.96,68.59,69.69
442,2014-02-24,68.54,71.44,70.78,68.74
443,2014-02-25,69.45,71.0,69.85,70.95
444,2014-02-26,68.85,71.22,69.26,70.19
445,2014-02-27,68.87,70.01,68.94,69.34
446,2014-02-28,67.38,69.88,68.46,69.47
447,2014-03-03,66.51,68.05,67.41,66.96
448,2014-03-04,67.62,68.9,68.8,68.66
449,2014-03-05,69.62,71.97,71.57,69.69
450,2014-03-06,70.25,71.89,70.84,71.88
451,2014-03-07,69.47,71.18,69.8,71.08
452,2014-03-10,70.51,72.15,72.03,70.77
453,2014-03-11,69.96,72.59,70.1,72.5
454,2014-03-12,69.0,71.35,70.8799,69.86
455,2014-03-13,68.15,71.35,68.83,71.29
456,2014-03-14,67.46,69.43,67.72,68.49
457,2014-03-17,66.62,68.95,68.7399,68.18
458,2014-03-18,68.3,69.6,69.19,68.76
459,2014-03-19,67.465,69.29,68.24,69.17
460,2014-03-20,66.82,68.23,66.97,68.01
461,2014-03-21,66.1786,67.92,67.24,67.53
462,2014-03-24,63.36,67.36,64.1,67.19
463,2014-03-25,63.78,66.19,64.89,64.89
464,2014-03-26,60.37,64.95,60.385,64.74
465,2014-03-27,57.98,61.9,60.97,60.51
466,2014-03-28,59.335,61.95,60.01,61.34
467,2014-03-31,59.87,61.52,60.24,60.78
468,2014-04-01,60.24,62.66,62.62,60.46
469,2014-04-02,62.21,63.91,62.72,63.21
470,2014-04-03,59.13,63.17,59.49,62.55
471,2014-04-04,56.32,60.2,56.749,59.94
472,2014-04-07,55.44,58.0,56.95,55.9
473,2014-04-08,57.17,58.71,58.1901,57.68
474,2014-04-09,59.1882,62.4558,62.41,59.63
475,2014-04-10,58.68,63.18,59.16,63.08
476,2014-04-11,57.31,60.31,58.53,57.6
477,2014-04-14,57.78,60.45,58.89,60.09
478,2014-04-15,55.88,59.68,59.09,59.29
479,2014-04-16,57.74,60.19,59.72,59.79
480,2014-04-17,58.72,60.58,58.94,59.3
481,2014-04-21,59.15,61.24,61.24,59.46
482,2014-04-22,62.22,63.44,63.0301,62.65
483,2014-04-23,61.26,63.48,61.36,63.45
484,2014-04-24,59.77,63.65,60.87,63.6
485,2014-04-25,57.57,60.01,57.71,59.97
486,2014-04-28,54.66,58.31,56.14,58.05
487,2014-04-29,55.84,58.28,58.15,56.09
488,2014-04-30,57.16,59.85,59.78,57.58
489,2014-05-01,60.21,62.28,61.15,60.43
490,2014-05-02,60.18,61.89,60.46,61.3
491,2014-05-05,59.18,61.35,61.22,59.67
492,2014-05-06,58.49,61.15,58.53,60.98
493,2014-05-07,56.26,59.3,57.39,58.77
494,2014-05-08,56.5,58.82,56.76,57.23
495,2014-05-09,56.38,57.65,57.24,56.85
496,2014-05-12,57.98,59.9,59.83,57.98
497,2014-05-13,59.51,60.89,59.83,59.66
498,2014-05-14,58.95,60.45,59.23,59.53
499,2014-05-15,57.52,59.38,57.919,59.26
500,2014-05-16,57.31,58.45,58.0199,58.31
501,2014-05-19,57.57,59.56,59.21,57.89
502,2014-05-20,58.18,60.19,58.56,59.5
503,2014-05-21,58.25,60.5,60.49,58.56
504,2014-05-22,60.4,61.48,60.52,60.94
505,2014-05-23,60.15,61.45,61.351,60.41
506,2014-05-27,61.57,63.51,63.48,61.62
507,2014-05-28,62.62,64.14,63.51,63.39
508,2014-05-29,63.51,64.3,63.83,63.84
509,2014-05-30,62.56,64.17,63.3,63.95
510,2014-06-02,62.05,63.59,63.08,63.23
511,2014-06-03,62.32,63.42,62.87,62.62
512,2014-06-04,62.07,63.59,63.34,62.45
513,2014-06-05,62.82,64.36,63.186,63.66
514,2014-06-06,62.15,63.48,62.5,63.37
515,2014-06-09,61.79,63.34,62.88,62.4
516,2014-06-10,63.5,65.82,65.77,63.53
517,2014-06-11,64.9,65.8,65.781,65.32
518,2014-06-12,64.06,66.47,64.2901,65.85
519,2014-06-13,63.83,64.97,64.5,64.7
520,2014-06-16,63.75,64.88,64.19,64.16
521,2014-06-17,63.93,64.88,64.4,64.1
522,2014-06-18,64.05,65.75,65.6,64.49
523,2014-06-19,64.21,65.5756,64.3415,65.46
524,2014-06-20,63.35,64.81,64.5,64.46
525,2014-06-23,64.22,65.66,65.37,64.32
526,2014-06-24,65.27,67.17,65.72,65.36
527,2014-06-25,65.57,67.48,67.44,65.58
528,2014-06-26,66.9,68.0,67.13,68.0
529,2014-06-27,66.84,67.7,67.6,67.31
530,2014-06-30,67.13,67.92,67.29,67.46
531,2014-07-01,67.39,68.44,68.06,67.58
532,2014-07-02,65.79,68.3,66.45,68.04
533,2014-07-03,65.76,67.0,66.29,66.855
534,2014-07-07,65.12,66.57,65.29,66.3
535,2014-07-08,62.21,65.56,62.76,65.06
536,2014-07-09,63.15,65.12,64.97,63.41
537,2014-07-10,63.05,65.34,64.8725,63.31
538,2014-07-11,64.79,66.59,66.34,65.28
539,2014-07-14,66.9,68.17,67.9,67.13
540,2014-07-15,66.26,68.0899,67.165,67.96
541,2014-07-16,67.07,67.94,67.66,67.54
542,2014-07-17,66.04,67.85,66.4099,67.03
543,2014-07-18,66.16,68.46,68.4199,66.8
544,2014-07-21,68.5,69.96,69.4,68.81
545,2014-07-22,68.61,69.77,69.27,69.76
546,2014-07-23,69.61,71.33,71.29,69.74
547,2014-07-24,74.51,76.74,74.98,75.96
548,2014-07-25,74.662,75.67,75.19,74.99
549,2014-07-28,73.85,75.5,74.92,75.17
550,2014-07-29,73.4229,74.92,73.71,74.72
551,2014-07-30,74.13,75.19,74.677,74.21
552,2014-07-31,72.44,74.165,72.65,74.0
553,2014-08-01,71.55,73.22,72.36,72.22
554,2014-08-04,72.36,73.88,73.51,72.36
555,2014-08-05,72.18,73.59,72.69,73.2
556,2014-08-06,71.79,73.72,72.47,72.02
557,2014-08-07,72.7,74.0,73.17,73.0
558,2014-08-08,72.56,73.43,73.06,73.4
559,2014-08-11,73.06,73.91,73.44,73.46
560,2014-08-12,72.22,73.3301,72.83,73.09
561,2014-08-13,73.05,74.25,73.77,73.12
562,2014-08-14,73.69,74.38,74.296,73.97
563,2014-08-15,73.0,74.65,73.63,74.32
564,2014-08-18,73.96,74.72,74.59,74.0
565,2014-08-19,74.77,75.58,75.29,74.81
566,2014-08-20,74.62,75.18,74.81,74.97
567,2014-08-21,74.4149,75.19,74.57,74.92
568,2014-08-22,73.57,74.73,74.57,74.34
569,2014-08-25,74.79,75.28,75.02,74.94
570,2014-08-26,74.73,75.99,75.9601,75.0
571,2014-08-27,74.46,75.49,74.63,75.27
572,2014-08-28,73.73,74.43,73.855,74.0
573,2014-08-29,74.01,74.82,74.82,74.3
574,2014-09-02,74.82,76.7,76.68,75.01
575,2014-09-03,75.6,77.48,75.83,77.14
576,2014-09-04,75.53,76.93,75.95,75.89
577,2014-09-05,75.598,77.38,77.26,76.1
578,2014-09-08,77.01,78.17,77.89,77.26
579,2014-09-09,76.2,78.17,76.67,77.59
580,2014-09-10,76.51,77.95,77.43,76.52
581,2014-09-11,77.05,78.36,77.92,77.13
582,2014-09-12,77.1,78.3,77.48,78.02
583,2014-09-15,73.43,77.25,74.58,77.15
584,2014-09-16,73.07,76.23,76.08,73.52
585,2014-09-17,75.57,77.25,76.43,75.96
586,2014-09-18,76.52,77.33,77.0,76.77
587,2014-09-19,76.44,78.3,77.91,77.4
588,2014-09-22,75.95,77.53,76.8,77.0
589,2014-09-23,76.04,78.63,78.29,76.33
590,2014-09-24,77.51,78.62,78.535,78.1
591,2014-09-25,77.13,78.94,77.22,78.6
592,2014-09-26,77.33,78.8416,78.79,77.59
593,2014-09-29,77.91,79.199,79.0,78.12
594,2014-09-30,78.6,79.7067,79.04,79.35
595,2014-10-01,75.9,78.82,76.55,78.78
596,2014-10-02,75.64,77.48,77.08,76.57
597,2014-10-03,77.26,78.06,77.44,77.76
598,2014-10-06,76.85,77.89,77.555,77.19
599,2014-10-07,76.24,77.95,76.29,77.05
600,2014-10-08,75.1,77.71,77.52,76.18
601,2014-10-09,75.85,77.7601,75.91,77.28
602,2014-10-10,72.76,76.5,72.91,75.59
603,2014-10-13,72.52,74.78,72.99,73.23
604,2014-10-14,72.05,74.18,73.59,74.0
605,2014-10-15,70.32,73.8,73.21,71.69
606,2014-10-16,70.58,73.35,72.63,70.79
607,2014-10-17,73.75,76.0,75.95,74.23
608,2014-10-20,75.38,77.09,76.95,75.6
609,2014-10-21,77.15,78.74,78.69,77.56
610,2014-10-22,78.01,79.85,78.37,78.815
611,2014-10-23,79.01,80.63,80.04,79.38
612,2014-10-24,79.32,80.8183,80.67,80.2
613,2014-10-27,79.76,80.8,80.28,80.74
614,2014-10-28,79.57,81.16,80.77,80.18
615,2014-10-29,74.78,76.88,75.86,75.45
616,2014-10-30,72.9,75.35,74.11,75.05
617,2014-10-31,74.45,75.7,74.99,74.93
618,2014-11-03,73.7,75.52,73.88,75.47
619,2014-11-04,73.65,75.77,75.76,74.23
620,2014-11-05,74.42,76.8,74.83,76.51
621,2014-11-06,74.31,75.6,75.26,74.89
622,2014-11-07,75.02,75.855,75.6,75.39
623,2014-11-10,74.61,75.4799,75.0,75.36
624,2014-11-11,74.03,74.98,74.61,74.95
625,2014-11-12,73.54,75.14,74.72,74.28
626,2014-11-13,73.64,75.24,74.25,74.74
627,2014-11-14,74.04,74.93,74.88,74.27
628,2014-11-17,73.88,75.655,74.24,74.88
629,2014-11-18,73.9,74.8,74.34,74.45
630,2014-11-19,73.11,74.54,73.33,74.01
631,2014-11-20,72.51,73.99,73.6,72.8
632,2014-11-21,73.5,74.5,73.75,74.5
633,2014-11-24,73.35,74.35,74.01,73.54
634,2014-11-25,74.13,75.74,75.63,74.21
635,2014-11-26,75.51,77.78,77.62,75.53
636,2014-11-28,77.23,78.27,77.7,77.67
637,2014-12-01,74.8,77.31,75.1,77.26
638,2014-12-02,75.04,75.91,75.46,75.33
639,2014-12-03,74.4,75.73,74.88,75.38
640,2014-12-04,74.66,75.55,75.24,74.83
641,2014-12-05,75.36,76.76,76.36,75.8
642,2014-12-08,75.4,77.25,76.52,76.18
643,2014-12-09,74.78,76.93,76.84,75.2
644,2014-12-10,76.07,77.55,76.18,76.65
645,2014-12-11,76.48,78.52,77.73,76.52
646,2014-12-12,77.02,78.88,77.83,77.16
647,2014-12-15,76.56,78.58,76.99,78.46
648,2014-12-16,74.59,77.39,74.69,76.19
649,2014-12-17,74.9,76.41,76.11,75.01
650,2014-12-18,76.51,78.4,78.4,76.89
651,2014-12-19,78.33,80.0,79.88,78.75
652,2014-12-22,80.0,81.89,81.45,80.08
653,2014-12-23,80.4,82.17,80.61,82.02
654,2014-12-24,80.75,81.43,80.77,81.03
655,2014-12-26,80.51,81.28,80.775,81.02
656,2014-12-29,79.71,80.96,80.02,80.49
657,2014-12-30,79.1,80.59,79.22,79.85
658,2014-12-31,77.86,79.8,78.02,79.54
659,2015-01-02,77.7,78.93,78.45,78.58
660,2015-01-05,76.86,79.2455,77.19,77.98
661,2015-01-06,75.365,77.59,76.15,77.23
662,2015-01-07,75.82,77.36,76.15,76.76
663,2015-01-08,76.08,78.23,78.175,76.74
664,2015-01-09,77.2,78.62,77.74,78.2
665,2015-01-12,76.21,78.0,76.72,77.84
666,2015-01-13,75.85,78.08,76.45,77.23
667,2015-01-14,76.0291,77.2,76.28,76.42
668,2015-01-15,73.54,76.57,74.05,76.4
669,2015-01-16,73.84,75.32,75.18,74.04
670,2015-01-20,74.82,76.31,76.24,75.72
671,2015-01-21,75.85,77.3,76.74,76.16
672,2015-01-22,76.68,77.75,77.65,77.17
673,2015-01-23,77.04,78.19,77.83,77.65
674,2015-01-26,77.29,78.47,77.495,77.98
675,2015-01-27,75.63,76.88,75.78,76.71
676,2015-01-28,76.0,77.638,76.24,76.9
677,2015-01-29,74.21,78.02,78.0,76.85
678,2015-01-30,75.75,78.16,75.91,78.0
679,2015-02-02,73.75,76.14,74.99,76.11
680,2015-02-03,73.86,75.58,75.4,75.19
681,2015-02-04,75.01,76.35,75.63,75.09
682,2015-02-05,75.21,75.98,75.615,75.71
683,2015-02-06,74.25,75.7,74.47,75.68
684,2015-02-09,73.45,74.83,74.44,74.05
685,2015-02-10,74.5,75.34,75.19,74.85
686,2015-02-11,75.03,76.75,76.51,75.09
687,2015-02-12,75.89,76.87,76.23,76.86
688,2015-02-13,75.5,76.48,75.74,76.46
689,2015-02-17,75.08,76.91,75.6,75.3
690,2015-02-18,75.45,76.9,76.71,75.94
691,2015-02-19,76.95,79.84,79.42,76.986
692,2015-02-20,79.2,80.34,79.895,79.55
693,2015-02-23,78.38,80.19,78.84,79.96
694,2015-02-24,78.1,79.48,78.45,78.5
695,2015-02-25,78.5,80.2,79.56,78.5
696,2015-02-26,79.72,81.37,80.41,79.88
697,2015-02-27,78.62,81.23,78.97,80.68
698,2015-03-02,78.52,79.855,79.75,79.0
699,2015-03-03,78.52,79.7,79.6,79.61
700,2015-03-04,78.85,81.15,80.895,79.3
701,2015-03-05,81.05,81.99,81.21,81.23
702,2015-03-06,79.83,81.33,80.005,80.9
703,2015-03-09,78.63,79.91,79.44,79.68
704,2015-03-10,77.55,79.26,77.55,78.5
705,2015-03-11,77.26,78.43,77.57,77.8
706,2015-03-12,77.91,79.05,78.93,78.1
707,2015-03-13,77.68,79.38,78.05,78.6
708,2015-03-16,77.36,78.12,78.07,77.96
709,2015-03-17,78.34,79.78,79.365,78.36
710,2015-03-18,79.17,81.24,80.91,79.25
711,2015-03-19,81.0,83.0,82.75,81.12
712,2015-03-20,83.07,84.6,83.8,83.39
713,2015-03-23,83.3,84.96,84.43,83.92
714,2015-03-24,84.52,86.0699,85.31,84.71
715,2015-03-25,82.92,85.52,82.92,85.5
716,2015-03-26,82.14,83.77,83.01,82.72
717,2015-03-27,82.88,83.95,83.3,83.38
718,2015-03-30,82.41,84.34,83.195,83.81
719,2015-03-31,82.21,83.5,82.215,82.9
720,2015-04-01,80.87,82.72,81.665,82.5
721,2015-04-02,81.44,82.56,81.555,82.25
722,2015-04-06,80.8,82.81,82.44,80.8
723,2015-04-07,82.22,83.42,82.32,82.65
724,2015-04-08,81.84,83.1,82.275,82.63
725,2015-04-09,81.71,82.8,82.17,82.5
726,2015-04-10,81.91,82.61,82.04,82.21
727,2015-04-13,81.92,83.94,83.01,81.93
728,2015-04-14,82.44,83.69,83.515,83.17
729,2015-04-15,82.27,83.66,82.705,83.55
730,2015-04-16,82.15,83.07,82.31,82.47
731,2015-04-17,80.37,82.11,80.775,81.48
732,2015-04-20,81.24,83.15,83.09,81.54
733,2015-04-21,83.54,84.49,83.62,84.0
734,2015-04-22,83.65,84.74,84.63,84.32
735,2015-04-23,82.41,85.59,82.41,84.1
736,2015-04-24,81.48,82.94,81.53,82.77
737,2015-04-27,81.63,82.93,81.91,81.87
738,2015-04-28,80.23,81.9,80.68,81.83
739,2015-04-29,79.52,81.39,80.465,80.01
740,2015-04-30,78.32,80.96,78.77,80.01
741,2015-05-01,78.11,79.76,78.99,79.24
742,2015-05-04,78.6301,79.69,78.81,79.33
743,2015-05-05,77.22,78.8,77.56,78.55
744,2015-05-06,77.05,78.81,78.1,77.97
745,2015-05-07,77.56,78.94,78.425,78.0
746,2015-05-08,78.03,79.23,78.51,79.1
747,2015-05-11,77.93,79.03,78.01,78.48
748,2015-05-12,76.79,77.89,77.46,77.87
749,2015-05-13,77.65,78.53,78.44,77.72
750,2015-05-14,78.67,81.845,81.37,78.94
751,2015-05-15,80.18,81.52,80.42,81.41
752,2015-05-18,80.23,81.38,80.88,80.33
753,2015-05-19,80.55,81.69,80.63,81.25
754,2015-05-20,79.46,81.1,80.55,80.47
755,2015-05-21,80.08,80.92,80.48,80.19
756,2015-05-22,80.25,81.31,80.54,80.35
757,2015-05-26,79.08,80.6,79.335,80.43
758,2015-05-27,79.43,80.66,80.55,79.6
759,2015-05-28,80.0,81.0745,80.145,80.25
760,2015-05-29,78.88,80.07,79.19,79.95
761,2015-06-01,78.66,80.38,80.29,79.3
762,2015-06-02,79.56,81.35,80.445,79.76
763,2015-06-03,81.25,82.53,82.44,81.35
764,2015-06-04,81.51,82.95,82.05,82.14
765,2015-06-05,81.51,82.46,82.14,81.87
766,2015-06-08,80.13,82.0,80.67,81.82
767,2015-06-09,79.32,81.19,80.67,80.6
768,2015-06-10,80.81,82.6,82.16,80.83
769,2015-06-11,81.36,82.9,81.83,82.31
770,2015-06-12,81.2,82.09,81.53,81.37
771,2015-06-15,80.07,80.93,80.71,80.55
772,2015-06-16,80.45,81.51,81.06,80.82
773,2015-06-17,81.34,82.22,81.79,81.76
774,2015-06-18,81.57,83.19,82.905,81.64
775,2015-06-19,82.12,82.98,82.51,82.83
776,2015-06-22,83.31,84.97,84.74,83.41
777,2015-06-23,84.76,87.97,87.88,84.96
778,2015-06-24,87.45,89.25,88.86,87.66
779,2015-06-25,87.835,89.4,87.98,89.26
780,2015-06-26,86.8283,88.34,88.01,88.12
781,2015-06-29,85.73,87.5,85.8,86.61
782,2015-06-30,85.57,86.7,85.765,86.6
783,2015-07-01,86.49,87.95,86.91,86.77
784,2015-07-02,86.3401,87.44,87.285,87.4
785,2015-07-06,86.39,88.1846,87.55,86.49
786,2015-07-07,85.231,87.85,87.22,87.8
787,2015-07-08,85.445,86.75,85.65,86.29
788,2015-07-09,85.6499,87.6,85.88,86.73
789,2015-07-10,86.77,88.22,87.95,87.35
790,2015-07-13,88.42,90.22,90.1,88.66
791,2015-07-14,89.65,90.8,89.68,90.46
792,2015-07-15,89.42,90.99,89.76,90.0
793,2015-07-16,89.77,90.86,90.85,90.28
794,2015-07-17,92.54,95.39,94.97,92.55
795,2015-07-20,95.36,98.6,97.91,95.85
796,2015-07-21,97.1427,99.24,98.39,98.95
797,2015-07-22,95.92,97.58,97.04,96.74
798,2015-07-23,94.81,97.45,95.44,96.96
799,2015-07-24,95.88,97.76,96.95,97.35
800,2015-07-27,93.8301,96.61,94.17,96.58
801,2015-07-28,93.31,95.56,95.29,94.84
802,2015-07-29,94.74,97.28,96.99,96.32
803,2015-07-30,91.8,95.81,95.21,94.91
804,2015-07-31,93.95,96.33,94.01,94.95
805,2015-08-03,92.8,95.08,94.14,93.53
806,2015-08-04,93.33,94.73,94.06,93.79
807,2015-08-05,95.18,97.09,96.44,95.25
808,2015-08-06,94.42,98.74,95.12,97.18
809,2015-08-07,93.61,95.4,94.3,95.38
810,2015-08-10,93.63,95.9,94.15,95.68
811,2015-08-11,92.9006,94.76,93.62,93.73
812,2015-08-12,91.19,94.44,94.19,92.7
813,2015-08-13,93.35,94.73,93.43,94.05
814,2015-08-14,93.21,94.72,94.42,93.54
815,2015-08-17,93.39,94.46,93.93,94.42
816,2015-08-18,94.04,95.85,95.17,94.08
817,2015-08-19,94.161,96.1,95.31,94.63
818,2015-08-20,90.46,94.77,90.56,93.54
819,2015-08-21,85.61,89.18,86.06,87.52
820,2015-08-24,72.0,87.14,82.09,77.03
821,2015-08-25,83.0,87.67,83.0,86.95
822,2015-08-26,83.26,87.46,87.19,85.95
823,2015-08-27,87.19,90.06,89.73,89.19
824,2015-08-28,89.792,91.48,91.01,89.94
825,2015-08-31,88.89,91.05,89.43,90.59
826,2015-09-01,86.5,89.39,87.23,86.99
827,2015-09-02,87.63,89.89,89.89,88.82
828,2015-09-03,87.73,89.82,88.15,89.76
829,2015-09-04,86.7,88.39,88.26,87.2
830,2015-09-08,88.83,90.24,89.53,89.69
831,2015-09-09,90.17,91.98,90.44,90.78
832,2015-09-10,89.63,92.06,91.98,90.07
833,2015-09-11,91.13,92.08,92.05,91.68
834,2015-09-14,91.6,92.62,92.31,92.31
835,2015-09-15,91.79,93.25,92.9,92.37
836,2015-09-16,92.63,93.6,93.45,92.9
837,2015-09-17,92.9,95.51,94.34,93.37
838,2015-09-18,93.05,95.19,94.4,93.2
839,2015-09-21,94.52,96.49,95.55,94.62
840,2015-09-22,91.92,94.68,92.96,93.77
841,2015-09-23,92.8,94.32,93.97,93.4
842,2015-09-24,92.24,94.765,94.41,93.06
843,2015-09-25,92.06,95.85,92.77,95.79
844,2015-09-28,88.18,92.29,89.21,92.08
845,2015-09-29,85.72,90.06,86.67,89.1
846,2015-09-30,88.01,90.02,89.9,88.44
847,2015-10-01,88.36,90.95,90.95,90.05
848,2015-10-02,88.37,92.2,92.07,88.9
849,2015-10-05,92.66,94.27,94.01,92.94
850,2015-10-06,92.34,94.17,92.8,94.08
851,2015-10-07,91.37,93.66,92.4,93.11
852,2015-10-08,90.47,93.22,92.47,91.89
853,2015-10-09,92.239,93.74,93.24,92.9
854,2015-10-12,92.67,94.6,94.26,93.32
855,2015-10-13,93.55,95.37,94.12,93.66
856,2015-10-14,93.61,95.2,94.07,94.08
857,2015-10-15,94.9,96.3,95.96,94.99
858,2015-10-16,95.35,97.59,97.54,96.18
859,2015-10-19,96.92,98.57,98.47,97.18
860,2015-10-20,96.56,99.59,97.0,98.73
861,2015-10-21,96.47,98.18,97.11,97.37
862,2015-10-22,97.55,99.73,99.67,97.79
863,2015-10-23,100.16,102.85,102.19,101.91
864,2015-10-26,101.55,103.81,103.77,102.2
865,2015-10-27,102.4,104.1,103.7,102.94
866,2015-10-28,102.92,104.48,104.2,103.9
867,2015-10-29,103.52,105.12,104.88,103.96
868,2015-10-30,101.65,104.72,101.97,104.51
869,2015-11-02,101.18,103.47,103.31,102.46
870,2015-11-03,102.4,103.65,102.58,103.22
871,2015-11-04,102.48,104.14,103.94,103.19
872,2015-11-05,107.95,110.65,108.76,108.8
873,2015-11-06,105.91,108.74,107.095,108.04
874,2015-11-09,105.86,108.25,106.49,107.0
875,2015-11-10,105.24,108.15,107.91,105.96
876,2015-11-11,107.11,109.87,109.01,108.27
877,2015-11-12,108.0,109.39,108.02,108.48
878,2015-11-13,103.83,108.25,103.95,107.71
879,2015-11-16,100.47,104.17,104.04,103.32
880,2015-11-17,104.14,106.2,105.13,104.62
881,2015-11-18,105.39,107.88,107.77,105.8
882,2015-11-19,105.95,107.73,106.26,107.36
883,2015-11-20,106.62,107.87,107.32,106.84
884,2015-11-23,106.08,107.468,106.95,107.19
885,2015-11-24,104.39,106.49,105.74,106.0
886,2015-11-25,105.1,106.6,105.41,106.33
887,2015-11-27,104.86,105.96,105.45,105.78
888,2015-11-30,103.75,106.0999,104.24,105.84
889,2015-12-01,104.5,107.15,107.12,104.83
890,2015-12-02,105.79,107.92,106.07,107.0
891,2015-12-03,103.35,106.85,104.38,106.27
892,2015-12-04,104.11,107.73,106.18,104.81
893,2015-12-07,104.66,106.83,105.61,106.48
894,2015-12-08,103.95,106.91,106.49,104.0
895,2015-12-09,103.55,106.44,104.6,106.18
896,2015-12-10,104.41,106.4,105.42,105.05
897,2015-12-11,101.91,104.34,102.12,104.15
898,2015-12-14,101.46,104.74,104.66,102.285
899,2015-12-15,104.28,105.8,104.55,105.3
900,2015-12-16,104.19,107.09,106.79,105.37
901,2015-12-17,106.13,107.75,106.22,107.49
902,2015-12-18,103.97,106.59,104.04,106.08
903,2015-12-21,103.6,105.15,104.77,104.91
904,2015-12-22,104.81,105.6601,105.51,105.22
905,2015-12-23,103.86,106.11,104.63,105.89
906,2015-12-24,104.5,105.32,105.02,104.74
907,2015-12-28,104.53,105.98,105.93,105.02
908,2015-12-29,106.25,107.74,107.26,106.42
909,2015-12-30,106.06,107.25,106.22,107.0
910,2015-12-31,104.62,106.17,104.66,106.0
911,2016-01-04,99.75,102.24,102.22,101.95
912,2016-01-05,101.665,103.7099,102.73,102.89
913,2016-01-06,100.9,103.77,102.97,101.13
914,2016-01-07,97.3,101.43,97.92,100.5
915,2016-01-08,97.0311,100.5,97.33,99.88
916,2016-01-11,95.39,98.6,97.51,97.91
917,2016-01-12,97.55,99.96,99.37,99.0
918,2016-01-13,95.21,100.58,95.44,100.58
919,2016-01-14,92.45,98.87,98.37,95.85
920,2016-01-15,93.54,96.38,94.97,93.98
921,2016-01-19,93.92,97.42,95.26,96.53
922,2016-01-20,89.37,95.0,94.35,92.83
923,2016-01-21,92.62,95.99,94.16,94.91
924,2016-01-22,95.49,98.07,97.94,96.41
925,2016-01-25,96.93,99.48,97.01,98.72
926,2016-01-26,95.66,97.88,97.34,97.76
927,2016-01-27,94.23,97.85,94.45,97.79
928,2016-01-28,104.81,110.34,109.11,107.2
929,2016-01-29,108.84,112.84,112.21,108.99
930,2016-02-01,112.01,115.72,115.09,112.27
931,2016-02-02,113.2,117.59,114.61,114.8
932,2016-02-03,109.75,115.3407,112.69,115.27
933,2016-02-04,109.25,111.94,110.49,111.8
934,2016-02-05,103.18,109.58,104.07,109.51
935,2016-02-08,97.46,102.68,99.75,100.41
936,2016-02-09,96.82,102.4,99.54,97.14
937,2016-02-10,100.24,103.25,101.0,101.55
938,2016-02-11,98.88,105.11,101.91,99.6
939,2016-02-12,101.09,104.24,102.01,103.74
940,2016-02-16,100.24,103.93,101.61,103.8
941,2016-02-17,100.4,105.72,105.2,101.94
942,2016-02-18,103.03,106.0,103.47,105.8
943,2016-02-19,102.06,105.02,104.57,102.55
944,2016-02-22,105.34,108.25,107.16,105.49
945,2016-02-23,105.12,107.47,105.46,106.85
946,2016-02-24,102.74,106.95,106.88,104.21
947,2016-02-25,105.61,108.07,108.07,107.11
948,2016-02-26,107.16,109.45,107.92,108.7
949,2016-02-29,106.75,108.9101,106.92,107.6
950,2016-03-01,107.6,109.82,109.82,107.83
951,2016-03-02,108.77,110.55,109.95,109.68
952,2016-03-03,108.54,110.3,109.58,110.25
953,2016-03-04,107.93,110.05,108.39,110.05
954,2016-03-07,104.72,108.07,105.73,108.07
955,2016-03-08,104.4,107.37,105.93,104.78
956,2016-03-09,105.49,107.51,107.51,106.7
957,2016-03-10,105.7699,108.66,107.32,107.91
958,2016-03-11,107.92,109.42,109.41,108.48
959,2016-03-14,108.77,110.33,109.89,109.28
960,2016-03-15,108.84,110.83,110.67,109.11
961,2016-03-16,110.1,112.5,112.18,110.49
962,2016-03-17,110.73,112.69,111.02,112.15
963,2016-03-18,110.27,112.42,111.45,111.56
964,2016-03-21,111.03,112.37,111.85,111.66
965,2016-03-22,111.17,112.88,112.25,111.36
966,2016-03-23,112.0,113.19,112.54,112.01
967,2016-03-24,111.68,113.09,113.05,112.13
968,2016-03-28,112.95,114.5889,113.69,113.32
969,2016-03-29,113.64,116.32,116.14,113.83
970,2016-03-30,114.355,116.99,114.7,116.73
971,2016-03-31,113.7682,115.01,114.1,114.7
972,2016-04-01,113.35,116.17,116.06,113.75
973,2016-04-04,111.61,114.55,112.55,114.07
974,2016-04-05,111.9,113.32,112.22,112.11
975,2016-04-06,112.42,113.81,113.71,112.47
976,2016-04-07,113.0663,114.89,113.64,113.79
977,2016-04-08,109.9,114.33,110.63,114.25
978,2016-04-11,108.77,110.91,108.99,110.7
979,2016-04-12,108.99,111.1645,110.61,109.34
980,2016-04-13,106.52,112.65,110.51,112.23
981,2016-04-14,110.26,112.04,110.84,110.62
982,2016-04-15,109.2,110.97,109.64,110.79
983,2016-04-18,109.2,110.81,110.45,109.74
984,2016-04-19,109.16,112.45,112.29,111.1
985,2016-04-20,111.56,113.27,112.42,112.43
986,2016-04-21,112.31,114.04,113.44,112.55
987,2016-04-22,109.01,111.75,110.56,111.21
988,2016-04-25,109.07,110.67,110.1,109.87
989,2016-04-26,108.15,110.5,108.76,110.49
990,2016-04-27,106.31,108.94,108.89,107.94
991,2016-04-28,116.23,120.79,116.73,119.575
992,2016-04-29,115.84,117.84,117.58,116.82
993,2016-05-02,116.57,118.73,118.57,117.83
994,2016-05-03,117.02,118.16,117.43,117.52
995,2016-05-04,116.57,118.3,118.06,116.61
996,2016-05-05,117.25,118.98,117.81,118.04
997,2016-05-06,117.1127,119.637,119.49,117.16
998,2016-05-09,118.9,120.28,119.24,119.54
999,2016-05-10,114.8,120.5,120.5,119.62
1000,2016-05-11,119.42,121.08,119.52,120.41
1001,2016-05-12,118.9,120.84,120.28,119.98
1002,2016-05-13,119.68,120.64,119.81,120.38
1003,2016-05-16,117.35,119.61,118.67,119.38
1004,2016-05-17,117.2,119.01,117.35,118.82
1005,2016-05-18,116.73,118.27,117.65,116.8
1006,2016-05-19,115.88,117.49,116.81,117.05
1007,2016-05-20,116.95,117.99,117.35,116.96
1008,2016-05-23,115.94,117.6,115.97,117.42
1009,2016-05-24,116.12,117.73,117.7,116.24
1010,2016-05-25,117.38,118.665,117.89,118.13
1011,2016-05-26,117.92,119.7601,119.47,118.24
1012,2016-05-27,119.01,119.85,119.38,119.56
1013,2016-05-31,118.121,120.1,118.81,119.46
1014,2016-06-01,117.82,119.08,118.78,118.5
1015,2016-06-02,118.22,119.44,118.93,118.69
1016,2016-06-03,117.86,118.98,118.47,118.975
1017,2016-06-06,118.36,119.43,118.79,118.62
1018,2016-06-07,117.67,119.3,117.76,119.24
1019,2016-06-08,117.27,118.6,118.39,117.76
1020,2016-06-09,117.71,118.68,118.56,118.13
1021,2016-06-10,116.26,118.11,116.62,117.54
1022,2016-06-13,113.31,115.48,113.95,115.0
1023,2016-06-14,113.58,114.95,114.94,114.07
1024,2016-06-15,114.07,115.44,114.6,115.3
1025,2016-06-16,112.94,114.5,114.39,113.87
1026,2016-06-17,112.56,114.43,113.02,114.42
1027,2016-06-20,112.75,114.72,113.37,113.77
1028,2016-06-21,113.97,115.2142,114.38,114.12
1029,2016-06-22,113.61,114.74,113.91,114.65
1030,2016-06-23,113.54,115.09,115.08,114.37
1031,2016-06-24,111.0,113.68,112.08,111.01
1032,2016-06-27,108.23,111.57,108.97,111.57
1033,2016-06-28,110.55,112.75,112.7,110.63
1034,2016-06-29,113.04,114.25,114.16,113.37
1035,2016-06-30,113.67,115.18,114.28,114.67
1036,2016-07-01,113.81,115.13,114.19,114.2
1037,2016-07-05,112.97,114.11,114.0,113.94
1038,2016-07-06,112.97,116.79,116.7,113.36
1039,2016-07-07,115.36,116.97,115.85,116.63
1040,2016-07-08,115.85,117.5,117.24,116.43
1041,2016-07-11,117.5,118.7,117.87,117.71
1042,2016-07-12,117.57,118.72,117.93,118.63
1043,2016-07-13,116.68,118.4,116.78,118.39
1044,2016-07-14,116.7,117.64,117.29,117.5
1045,2016-07-15,116.58,118.28,116.86,117.74
1046,2016-07-18,116.89,119.61,119.37,117.32
1047,2016-07-19,118.66,120.85,120.61,118.99
1048,2016-07-20,120.56,122.2,121.92,121.25
1049,2016-07-21,120.25,122.1,120.61,121.92
1050,2016-07-22,119.31,121.01,121.0,119.9
1051,2016-07-25,117.78,121.85,121.63,121.39
1052,2016-07-26,120.75,122.07,121.22,122.0
1053,2016-07-27,121.51,125.0,123.34,122.42
1054,2016-07-28,123.63,128.33,125.0,127.52
1055,2016-07-29,123.71,125.84,123.94,124.65
1056,2016-08-01,122.86,124.58,124.31,123.85
1057,2016-08-02,122.07,124.8,123.09,124.06
1058,2016-08-03,122.31,123.92,122.51,123.09
1059,2016-08-04,122.51,124.79,124.36,122.94
1060,2016-08-05,124.6184,125.835,125.15,124.98
1061,2016-08-08,124.55,125.45,125.26,125.25
1062,2016-08-09,124.53,126.09,125.06,125.34
1063,2016-08-10,124.54,125.48,124.88,125.07
1064,2016-08-11,124.75,125.38,124.9,125.2
1065,2016-08-12,124.18,125.0,124.88,124.7
1066,2016-08-15,123.7,124.92,123.9,124.91
1067,2016-08-16,122.78,123.92,123.3,123.5
1068,2016-08-17,122.85,124.38,124.37,123.66
1069,2016-08-18,123.64,124.26,123.91,124.01
1070,2016-08-19,123.28,124.157,123.56,123.6
1071,2016-08-22,123.11,124.83,124.15,123.33
1072,2016-08-23,124.25,125.09,124.37,124.51
1073,2016-08-24,123.09,124.69,123.48,124.47
1074,2016-08-25,123.1,124.37,123.89,123.12
1075,2016-08-26,123.91,125.19,124.96,124.05
1076,2016-08-29,124.35,126.73,126.54,124.35
1077,2016-08-30,125.15,126.6,125.84,126.6
1078,2016-08-31,125.1,126.22,126.12,125.6
1079,2016-09-01,125.6,126.63,126.17,126.38
1080,2016-09-02,126.0,126.86,126.51,126.85
1081,2016-09-06,126.47,129.94,129.73,126.67
1082,2016-09-07,129.95,131.98,131.05,130.04
1083,2016-09-08,129.81,131.08,130.27,130.92
1084,2016-09-09,127.1,129.949,127.1,129.71
1085,2016-09-12,125.75,128.76,128.69,125.96
1086,2016-09-13,126.66,128.35,127.21,128.03
1087,2016-09-14,126.89,128.8,127.77,126.89
1088,2016-09-15,127.67,129.1,128.35,127.98
1089,2016-09-16,128.2,129.18,129.07,128.2
1090,2016-09-19,128.26,129.94,128.65,129.91
1091,2016-09-20,128.0307,129.17,128.64,128.65
1092,2016-09-21,128.39,130.005,129.94,129.13
1093,2016-09-22,129.56,130.73,130.08,130.5
1094,2016-09-23,127.3,128.6,127.96,127.56
1095,2016-09-26,126.8,128.16,127.31,127.37
1096,2016-09-27,127.43,129.01,128.69,127.61
1097,2016-09-28,128.4,129.47,129.23,129.21
1098,2016-09-29,127.55,129.29,128.09,129.18
1099,2016-09-30,127.45,128.59,128.27,128.03
1100,2016-10-03,127.8,129.09,128.77,128.38
1101,2016-10-04,127.5499,129.2765,128.19,129.17
1102,2016-10-05,127.83,128.8,128.47,128.25
1103,2016-10-06,128.08,129.06,128.74,128.43
1104,2016-10-07,128.33,129.25,128.99,129.04
1105,2016-10-10,129.2,130.7,130.24,129.68
1106,2016-10-11,128.23,130.64,128.88,130.23
1107,2016-10-12,128.46,129.66,129.05,129.01
1108,2016-10-13,126.75,128.25,127.82,128.21
1109,2016-10-14,127.58,128.95,127.88,128.49
1110,2016-10-17,127.32,128.47,127.54,128.2
1111,2016-10-18,128.01,129.39,128.57,128.68
1112,2016-10-19,128.6,130.47,130.11,128.74
1113,2016-10-20,129.5,130.66,130.0,130.07
1114,2016-10-21,129.7,132.13,132.07,129.78
1115,2016-10-24,132.15,133.405,133.28,132.72
1116,2016-10-25,132.22,133.5,132.29,133.5
1117,2016-10-26,130.935,132.26,131.04,131.64
1118,2016-10-27,129.27,131.8,129.69,131.74
1119,2016-10-28,129.93,132.97,131.29,130.5
1120,2016-10-31,130.8835,132.12,130.99,132.01
1121,2016-11-01,128.65,131.94,129.5,131.41
1122,2016-11-02,126.28,130.23,127.17,130.23
1123,2016-11-03,119.5,123.28,120.0,122.0
1124,2016-11-04,119.25,121.93,120.75,119.59
1125,2016-11-07,121.35,123.2089,122.15,122.83
1126,2016-11-08,121.54,124.61,124.22,122.03
1127,2016-11-09,120.51,123.81,123.18,121.5
1128,2016-11-10,115.27,124.18,120.8,123.93
1129,2016-11-11,118.15,120.7,119.02,119.53
1130,2016-11-14,113.5535,119.1256,115.08,119.1256
1131,2016-11-15,115.83,118.49,117.2,116.73
1132,2016-11-16,114.21,117.88,116.34,114.48
1133,2016-11-17,116.01,117.79,117.79,116.81
1134,2016-11-18,116.84,119.13,117.02,118.39
1135,2016-11-21,117.8,121.95,121.77,118.2
1136,2016-11-22,120.9,122.98,121.47,122.4
1137,2016-11-23,119.94,121.31,120.84,121.23
1138,2016-11-25,120.07,121.14,120.38,121.01
1139,2016-11-28,119.82,121.69,120.41,120.12
1140,2016-11-29,120.4,122.1,120.87,120.57
1141,2016-11-30,117.95,121.79,118.42,120.32
1142,2016-12-01,114.0,118.45,115.1,118.38
1143,2016-12-02,114.3,116.48,115.4,115.11
1144,2016-12-05,115.07,117.57,117.43,115.95
1145,2016-12-06,116.33,117.795,117.31,117.69
1146,2016-12-07,116.57,117.95,117.95,117.0
1147,2016-12-08,117.64,119.5,118.91,117.98
1148,2016-12-09,118.95,119.94,119.68,119.22
1149,2016-12-12,117.65,119.24,117.77,119.22
1150,2016-12-13,117.61,121.52,120.31,117.86
1151,2016-12-14,118.85,121.69,120.21,120.0
1152,2016-12-15,119.63,122.5,120.57,120.08
1153,2016-12-16,119.27,121.5,119.87,120.9
1154,2016-12-19,118.51,120.36,119.24,119.85
1155,2016-12-20,118.8,119.77,119.09,119.5
1156,2016-12-21,118.48,119.2,119.04,118.92
1157,2016-12-22,116.93,118.99,117.4,118.86
1158,2016-12-23,116.3,117.56,117.27,117.0
1159,2016-12-27,116.864,118.68,118.01,116.96
1160,2016-12-28,116.65,118.25,116.92,118.19
1161,2016-12-29,116.06,117.531,116.35,117.0
1162,2016-12-30,114.7739,116.83,115.05,116.595
1163,2017-01-03,115.51,117.84,116.86,116.03
1164,2017-01-04,117.29,119.66,118.69,117.55
1165,2017-01-05,118.3209,120.95,120.67,118.86
1166,2017-01-06,120.03,123.88,123.41,120.98
1167,2017-01-09,123.04,125.43,124.9,123.55
1168,2017-01-10,124.28,125.5,124.35,124.82
1169,2017-01-11,124.06,126.12,126.09,124.35
1170,2017-01-12,124.8,126.73,126.62,125.61
1171,2017-01-13,127.37,129.27,128.34,127.49
1172,2017-01-17,127.4,128.34,127.87,128.04
1173,2017-01-18,126.84,128.43,127.92,128.41
1174,2017-01-19,127.45,128.35,127.55,128.23
1175,2017-01-20,126.78,128.48,127.04,128.1
1176,2017-01-23,126.95,129.25,128.93,127.31
1177,2017-01-24,128.38,129.9,129.37,129.38
1178,2017-01-25,129.77,131.74,131.48,130.0
1179,2017-01-26,131.4401,133.14,132.78,131.63
1180,2017-01-27,131.08,132.95,132.18,132.68
1181,2017-01-30,129.6,131.58,130.98,131.58
1182,2017-01-31,129.5157,130.66,130.32,130.17
1183,2017-02-01,130.68,133.49,133.23,132.25
1184,2017-02-02,130.4,135.49,130.84,133.22
1185,2017-02-03,130.76,132.85,130.98,131.24
1186,2017-02-06,130.3,132.06,132.06,130.98
1187,2017-02-07,131.66,133.0,131.84,132.24
1188,2017-02-08,132.44,134.44,134.2,132.6
1189,2017-02-09,133.31,134.5,134.14,134.49
1190,2017-02-10,133.68,134.94,134.19,134.1
1191,2017-02-13,133.7,134.7,134.05,134.7
1192,2017-02-14,132.55,134.23,133.85,134.1
1193,2017-02-15,132.66,133.7,133.44,133.45
1194,2017-02-16,133.02,133.87,133.84,133.07
1195,2017-02-17,133.17,134.09,133.53,133.5
1196,2017-02-21,132.9,133.91,133.72,133.5
1197,2017-02-22,133.46,136.79,136.12,133.6
1198,2017-02-23,134.33,136.12,135.36,135.89
1199,2017-02-24,134.16,135.62,135.44,134.16
1200,2017-02-27,135.02,137.18,136.41,135.26
1201,2017-02-28,134.75,136.81,135.54,136.79
1202,2017-03-01,136.3,137.48,137.42,136.47
1203,2017-03-02,136.31,137.82,136.76,137.09
1204,2017-03-03,136.08,137.33,137.17,136.63
1205,2017-03-06,136.51,137.83,137.42,136.88
1206,2017-03-07,136.99,138.37,137.3,137.03
1207,2017-03-08,137.05,137.99,137.72,137.15
1208,2017-03-09,137.4,138.57,138.24,137.72
1209,2017-03-10,138.22,139.49,138.79,138.91
1210,2017-03-13,138.67,139.68,139.6,138.71
1211,2017-03-14,138.52,139.46,139.32,139.46
1212,2017-03-15,138.49,140.1,139.72,139.29
1213,2017-03-16,139.73,140.25,139.99,140.2
1214,2017-03-17,139.7,140.34,139.84,140.34
1215,2017-03-20,139.25,140.19,139.94,139.71
1216,2017-03-21,138.4,142.31,138.51,141.15
1217,2017-03-22,137.6,139.79,139.59,137.93
1218,2017-03-23,139.09,140.39,139.53,139.48
1219,2017-03-24,139.76,141.02,140.34,140.08
1220,2017-03-27,138.77,140.65,140.32,139.05
1221,2017-03-28,140.01,141.95,141.76,140.36
1222,2017-03-29,141.43,142.86,142.65,141.99
1223,2017-03-30,141.85,142.95,142.41,142.4
1224,2017-03-31,141.89,142.63,142.05,142.31
1225,2017-04-03,140.82,142.47,142.28,141.93
1226,2017-04-04,141.27,142.09,141.73,141.86
1227,2017-04-05,141.29,143.44,141.85,142.26
1228,2017-04-06,140.91,142.22,141.17,142.11
1229,2017-04-07,140.24,141.55,140.78,141.2
1230,2017-04-10,140.63,141.43,141.04,141.0
1231,2017-04-11,138.81,141.03,139.92,140.8
1232,2017-04-12,139.44,140.4,139.58,139.72
1233,2017-04-13,139.33,140.58,139.39,139.62
1234,2017-04-17,139.75,141.55,141.42,139.76
1235,2017-04-18,140.61,141.91,140.96,141.27
1236,2017-04-19,141.27,143.04,142.27,141.35
1237,2017-04-20,142.69,144.25,143.8,142.95
1238,2017-04-21,142.27,144.17,143.68,143.9
1239,2017-04-24,144.34,145.67,145.47,144.96
1240,2017-04-25,145.79,147.15,146.49,145.79
1241,2017-04-26,146.09,147.59,146.56,147.09
1242,2017-04-27,146.14,147.75,147.7,146.67
1243,2017-04-28,149.07,151.53,150.25,149.5
1244,2017-05-01,151.42,152.57,152.46,151.74
1245,2017-05-02,151.66,153.44,152.78,153.34
1246,2017-05-03,151.34,153.6,151.8,153.6
1247,2017-05-04,148.72,151.52,150.85,150.17
1248,2017-05-05,149.79,151.63,150.24,151.45
1249,2017-05-08,149.74,151.08,151.06,150.71
1250,2017-05-09,150.21,152.59,150.48,151.49
1251,2017-05-10,148.86,150.52,150.29,150.23
1252,2017-05-11,149.41,150.65,150.04,150.31
1253,2017-05-12,149.63,150.46,150.33,150.4
1254,2017-05-15,149.77,151.48,150.19,150.17
1255,2017-05-16,149.03,150.21,149.78,150.11
1256,2017-05-17,144.42,148.67,144.85,148.0
1257,2017-05-18,144.51,148.15,147.66,144.72
1258,2017-05-19,147.96,149.39,148.06,148.45
1259,2017-05-22,147.69,148.59,148.24,148.08
1260,2017-05-23,147.25,148.81,148.07,148.52
1261,2017-05-24,148.42,150.23,150.04,148.51
1262,2017-05-25,149.95,152.59,151.96,150.3
1263,2017-05-26,151.15,152.25,152.13,152.23
1264,2017-05-30,151.64,152.9,152.38,151.97
1265,2017-05-31,151.09,153.35,151.46,152.7
1266,2017-06-01,150.3,152.29,151.53,151.75
1267,2017-06-02,151.3,153.63,153.61,151.85
1268,2017-06-05,153.41,154.71,153.63,153.64
1269,2017-06-06,152.48,154.52,152.81,153.41
1270,2017-06-07,152.34,153.75,153.12,153.27
1271,2017-06-08,153.1,154.73,154.71,154.08
1272,2017-06-09,146.61,155.59,149.6,154.77
1273,2017-06-12,144.56,149.2,148.44,148.17
1274,2017-06-13,148.9,151.18,150.68,150.15
1275,2017-06-14,149.05,152.4,150.25,151.26
1276,2017-06-15,146.37,150.04,149.8,147.67
1277,2017-06-16,148.6,150.83,150.64,149.59
1278,2017-06-19,151.71,153.57,152.87,151.71
1279,2017-06-20,152.21,153.84,152.25,152.88
1280,2017-06-21,151.88,154.08,153.91,152.36
1281,2017-06-22,152.91,154.55,153.4,153.01
1282,2017-06-23,152.65,155.2,155.07,152.72
1283,2017-06-26,153.2,156.5,153.59,156.25
1284,2017-06-27,150.39,153.31,150.58,152.84
1285,2017-06-28,149.86,153.47,153.24,150.92
1286,2017-06-29,148.92,152.5,151.04,152.28
1287,2017-06-30,150.06,151.92,150.98,151.9
1288,2017-07-03,147.8,152.15,148.43,151.72
1289,2017-07-05,148.13,150.85,150.34,149.0
1290,2017-07-06,148.0,150.04,148.82,149.03
1291,2017-07-07,149.19,151.99,151.44,149.25
1292,2017-07-10,151.51,153.98,153.5,151.69
1293,2017-07-11,152.91,155.42,155.27,153.37
1294,2017-07-12,156.2,159.16,158.9,156.49
1295,2017-07-13,158.4227,159.78,159.26,158.74
1296,2017-07-14,159.33,160.32,159.97,160.13
1297,2017-07-17,158.81,160.78,159.73,160.25
1298,2017-07-18,159.42,163.73,162.86,159.66
1299,2017-07-19,163.17,165.7,164.14,163.59
1300,2017-07-20,162.81,165.0,164.53,164.8
1301,2017-07-21,163.75,165.05,164.43,164.16
1302,2017-07-24,164.31,166.17,166.0,164.64
1303,2017-07-25,163.86,165.54,165.28,165.01
1304,2017-07-26,164.1,166.01,165.61,166.01
1305,2017-07-27,167.5,175.49,170.44,174.7
1306,2017-07-28,169.05,173.43,172.45,169.07
1307,2017-07-31,168.55,172.72,169.25,172.0
1308,2017-08-01,169.05,170.47,169.86,169.82
1309,2017-08-02,166.91,170.55,169.3,170.3
1310,2017-08-03,168.25,169.7,168.59,169.3
1311,2017-08-04,168.69,170.06,169.62,168.97
1312,2017-08-07,169.66,172.06,171.98,169.95
1313,2017-08-08,170.62,173.05,171.23,171.88
1314,2017-08-09,169.56,171.45,171.18,169.98
1315,2017-08-10,166.85,170.59,167.4,170.06
1316,2017-08-11,166.85,168.82,168.08,167.95
1317,2017-08-14,169.29,171.08,170.75,170.09
1318,2017-08-15,170.01,171.5,171.0,171.49
1319,2017-08-16,169.24,171.38,170.0,171.25
1320,2017-08-17,166.85,169.86,166.91,169.34
1321,2017-08-18,166.21,168.67,167.41,166.84
1322,2017-08-21,165.82,168.0,167.78,167.16
1323,2017-08-22,167.15,169.87,169.64,168.28
1324,2017-08-23,168.2,169.36,168.71,168.84
1325,2017-08-24,166.41,169.29,167.74,168.88
1326,2017-08-25,166.18,168.38,166.32,167.86
1327,2017-08-28,166.33,167.7,167.24,166.91
1328,2017-08-29,165.0,168.43,168.05,165.25
1329,2017-08-30,167.63,170.18,169.92,168.17
1330,2017-08-31,170.06,172.15,171.97,170.4
1331,2017-09-01,171.31,172.92,172.02,172.4
1332,2017-09-05,169.55,172.3875,170.72,171.27
1333,2017-09-06,169.57,172.48,172.09,170.91
1334,2017-09-07,170.27,173.31,173.21,171.94
1335,2017-09-08,170.8,173.49,170.95,173.09
1336,2017-09-11,172.2,173.89,173.51,172.4
1337,2017-09-12,171.75,174.0,172.96,173.76
1338,2017-09-13,172.06,173.17,173.05,173.01
1339,2017-09-14,170.5,172.28,170.96,172.26
1340,2017-09-15,170.26,172.34,171.64,170.88
1341,2017-09-18,169.34,172.07,170.01,171.99
1342,2017-09-19,170.36,172.56,172.52,170.62
1343,2017-09-20,170.7,173.05,172.17,172.5
1344,2017-09-21,170.01,172.27,171.11,171.69
1345,2017-09-22,169.22,171.73,170.54,170.21
1346,2017-09-25,161.56,169.3,162.87,169.24
1347,2017-09-26,162.78,165.5,164.21,164.5
1348,2017-09-27,165.57,168.34,167.68,165.9
1349,2017-09-28,167.16,169.07,168.73,167.94
1350,2017-09-29,168.81,171.66,170.87,168.83
1351,2017-10-02,168.75,171.87,169.47,171.39
1352,2017-10-03,169.2,170.73,169.96,169.3
1353,2017-10-04,168.29,170.67,168.42,169.83
1354,2017-10-05,168.6,171.31,171.24,169.18
1355,2017-10-06,169.75,172.37,172.23,170.25
1356,2017-10-09,172.0,174.88,172.5,172.7
1357,2017-10-10,170.8,173.2,171.59,173.0
1358,2017-10-11,171.4,172.78,172.74,171.95
1359,2017-10-12,172.29,173.85,172.55,172.61
1360,2017-10-13,173.2,174.65,173.74,173.45
1361,2017-10-16,174.06,175.0,174.52,174.49
1362,2017-10-17,174.36,176.13,176.11,174.71
1363,2017-10-18,175.75,176.74,176.03,176.65
1364,2017-10-19,172.63,176.03,174.56,174.93
1365,2017-10-20,174.63,175.88,174.98,175.5
1366,2017-10-23,171.25,175.34,171.27,175.2
1367,2017-10-24,171.5,173.24,171.8,172.3
1368,2017-10-25,168.89,172.25,170.6,171.9
1369,2017-10-26,170.39,172.29,170.63,171.38
1370,2017-10-27,173.9,178.21,177.88,174.15
1371,2017-10-30,177.61,180.69,179.87,179.26
1372,2017-10-31,178.94,180.8,180.06,180.57
1373,2017-11-01,180.57,182.9,182.66,182.36
1374,2017-11-02,177.34,181.94,178.92,180.63
1375,2017-11-03,176.71,179.86,178.92,179.29
1376,2017-11-06,178.31,180.45,180.17,178.56
1377,2017-11-07,178.96,180.75,180.25,180.5
1378,2017-11-08,179.11,180.35,179.56,179.79
1379,2017-11-09,177.09,179.4,179.3,178.31
1380,2017-11-10,177.96,179.1,178.46,178.35
1381,2017-11-13,177.3,179.04,178.77,177.5
1382,2017-11-14,177.18,178.97,178.07,178.13
1383,2017-11-15,176.4,178.57,177.95,176.66
1384,2017-11-16,178.5,179.83,179.59,178.76
1385,2017-11-17,178.9,179.98,179.0,179.3
1386,2017-11-20,178.1,179.5,178.74,178.87
1387,2017-11-21,178.99,181.89,181.86,179.15
1388,2017-11-22,180.44,181.73,180.87,181.3
1389,2017-11-24,180.29,183.15,182.78,180.4
1390,2017-11-27,181.99,183.73,183.03,182.56
1391,2017-11-28,182.09,184.25,182.42,183.51
1392,2017-11-29,174.0,181.97,175.13,181.89
1393,2017-11-30,175.2,178.275,177.18,176.85
1394,2017-12-01,172.34,177.48,175.1,176.03
1395,2017-12-04,170.79,176.57,171.47,176.29
1396,2017-12-05,169.01,175.38,172.83,170.45
1397,2017-12-06,171.9,176.77,176.06,172.5
1398,2017-12-07,175.8,180.39,180.14,175.8
1399,2017-12-08,178.7401,182.28,179.0,181.53
1400,2017-12-11,178.8,180.22,179.04,179.3
1401,2017-12-12,176.6,179.18,176.96,178.6
1402,2017-12-13,177.25,179.16,178.3,177.3
1403,2017-12-14,177.68,180.3601,178.39,178.29
1404,2017-12-15,178.36,180.4934,180.18,179.02
1405,2017-12-18,179.75,181.3,180.82,181.01
1406,2017-12-19,178.22,180.08,179.51,179.95
1407,2017-12-20,177.36,179.81,177.89,179.81
1408,2017-12-21,177.05,178.68,177.45,177.94
1409,2017-12-22,176.23,177.53,177.2,177.14
1410,2017-12-26,174.67,177.0,175.99,176.63
1411,2017-12-27,176.26,178.44,177.62,176.55
1412,2017-12-28,177.68,178.9367,177.92,177.95
1413,2017-12-29,176.46,178.85,176.46,178.0
1414,2018-01-02,177.55,181.58,181.42,177.68
1415,2018-01-03,181.33,184.78,184.67,181.88
1416,2018-01-04,184.0996,186.21,184.33,184.9
1417,2018-01-05,184.93,186.9,186.85,185.59
1418,2018-01-08,186.33,188.9,188.28,187.2
1419,2018-01-09,187.1,188.8,187.87,188.7
1420,2018-01-10,185.63,187.89,187.84,186.94
1421,2018-01-11,187.38,188.4,187.77,188.4
1422,2018-01-12,177.4,181.48,179.37,178.06
1423,2018-01-16,178.04,181.75,178.39,181.5
1424,2018-01-17,175.8,179.32,177.6,179.26
1425,2018-01-18,177.08,180.98,179.8,178.13
1426,2018-01-19,180.1702,182.37,181.29,180.85
1427,2018-01-22,180.41,185.39,185.37,180.8
1428,2018-01-23,185.55,189.55,189.35,186.05
1429,2018-01-24,186.52,190.66,186.55,189.89
1430,2018-01-25,186.6,188.62,187.48,187.95
1431,2018-01-26,186.81,190.0,190.0,187.75
1432,2018-01-29,185.6301,188.84,185.98,188.75
1433,2018-01-30,181.84,188.18,187.12,183.01
1434,2018-01-31,185.22,189.83,186.89,188.37
1435,2018-02-01,187.89,195.32,193.09,188.22
1436,2018-02-02,189.98,194.21,190.28,192.04
1437,2018-02-05,180.61,190.61,181.26,186.93
1438,2018-02-06,177.74,185.77,185.31,178.57
1439,2018-02-07,179.95,185.0817,180.18,184.15
1440,2018-02-08,171.4815,181.84,171.58,181.01
1441,2018-02-09,167.18,176.9,176.11,174.76
1442,2018-02-12,171.84,177.545,176.41,177.06
1443,2018-02-13,173.1,175.97,173.15,175.62
1444,2018-02-14,173.2119,179.81,179.52,173.45
1445,2018-02-15,176.84,180.5,179.96,180.5
1446,2018-02-16,176.3,179.88,177.36,178.99
1447,2018-02-20,175.11,177.95,176.01,175.77
1448,2018-02-21,176.4,181.27,177.91,176.71
1449,2018-02-22,177.41,180.21,178.99,178.7
1450,2018-02-23,179.51,183.39,183.29,179.9
1451,2018-02-26,183.2228,185.66,184.93,184.58
1452,2018-02-27,181.46,184.7,181.46,184.45
1453,2018-02-28,178.14,182.88,178.32,182.3
1454,2018-03-01,174.41,180.12,175.94,179.01
1455,2018-03-02,172.99,177.11,176.62,173.29
1456,2018-03-05,175.89,181.1475,180.4,176.2
1457,2018-03-06,179.11,182.38,179.78,181.78
1458,2018-03-07,178.07,183.82,183.71,178.74
1459,2018-03-08,181.45,184.4,182.34,183.56
1460,2018-03-09,183.21,185.51,185.23,183.91
1461,2018-03-12,184.22,186.1,184.76,185.23
1462,2018-03-13,181.11,185.99,181.88,185.61
1463,2018-03-14,181.85,184.25,184.19,182.6
1464,2018-03-15,182.19,184.0,183.86,183.24
1465,2018-03-16,183.41,185.33,185.09,184.49
1466,2018-03-19,170.06,177.17,172.56,177.01
1467,2018-03-20,161.95,170.2,168.15,167.47
1468,2018-03-21,163.3,173.4,169.39,164.8
1469,2018-03-22,163.72,170.27,164.89,166.13
1470,2018-03-23,159.02,167.1,159.39,165.44
1471,2018-03-26,149.02,161.1,160.06,160.82
1472,2018-03-27,150.75,162.85,152.22,156.31
1473,2018-03-28,150.8,155.88,153.03,151.65
1474,2018-03-29,154.14,161.42,159.79,155.15
1475,2018-04-02,154.111,159.2,155.39,157.81
1476,2018-04-03,150.81,157.39,156.11,156.55
1477,2018-04-04,150.51,155.56,155.1,152.025
1478,2018-04-05,156.65,161.575,159.34,161.56
1479,2018-04-06,156.81,161.42,157.2,157.73
1480,2018-04-09,156.04,160.53,157.93,157.82
1481,2018-04-10,157.01,165.98,165.04,157.93
1482,2018-04-11,163.25,168.65,166.32,165.36
1483,2018-04-12,163.1,167.45,163.87,166.98
1484,2018-04-13,163.77,165.7036,164.52,164.58
1485,2018-04-16,163.39,165.78,164.83,165.7249
1486,2018-04-17,165.66,169.0,168.66,165.83
1487,2018-04-18,165.77,168.12,166.36,166.88
1488,2018-04-19,165.2,168.33,168.1,166.2
1489,2018-04-20,165.81,168.43,166.28,167.79
1490,2018-04-23,165.09,168.45,165.84,167.27
1491,2018-04-24,158.19,166.1,159.69,165.43
1492,2018-04-25,156.19,161.06,159.69,160.1448
1493,2018-04-26,170.8,176.27,174.16,173.22
1494,2018-04-27,172.6,177.1,173.59,176.81
1495,2018-04-30,171.71,175.72,172.0,173.79
1496,2018-05-01,170.23,174.02,173.86,172.0
1497,2018-05-02,174.2,178.08,176.07,174.246
1498,2018-05-03,172.12,176.12,174.02,175.13
1499,2018-05-04,173.06,176.98,176.61,173.08
1500,2018-05-07,177.17,179.5,177.97,177.35
1501,2018-05-08,177.11,179.04,178.92,178.25
1502,2018-05-09,178.7807,183.01,182.66,179.67
1503,2018-05-10,182.5,186.1292,185.53,183.15
1504,2018-05-11,184.18,188.32,186.99,184.85
1505,2018-05-14,186.2,187.86,186.64,187.71
1506,2018-05-15,183.2,185.29,184.32,184.88
1507,2018-05-16,182.66,184.32,183.2,183.6952
1508,2018-05-17,182.22,184.06,183.76,182.68
1509,2018-05-18,182.61,184.19,182.68,183.49
1510,2018-05-21,183.13,185.3,184.49,183.77
1511,2018-05-22,183.43,185.42,183.8,184.93
1512,2018-05-23,182.18,186.91,186.9,182.5
1513,2018-05-24,185.03,186.8,185.93,185.88
1514,2018-05-25,184.45,186.33,184.92,186.02
1515,2018-05-29,183.71,186.81,185.74,184.34
1516,2018-05-30,185.25,188.0,187.67,186.54
1517,2018-05-31,187.48,192.72,191.78,187.87
1518,2018-06-01,192.07,194.5492,193.99,193.065
1519,2018-06-04,191.47,193.98,193.28,191.84
1520,2018-06-05,192.62,195.0,192.94,194.3
1521,2018-06-06,189.11,192.53,191.34,191.0252
1522,2018-06-07,186.77,190.97,188.18,190.75
1523,2018-06-08,186.43,189.4754,189.1,187.53
1524,2018-06-11,188.8,192.6,191.54,188.81
1525,2018-06-12,191.56,193.28,192.4,192.17
1526,2018-06-13,191.91,194.5,192.41,192.74
1527,2018-06-14,192.91,197.28,196.81,193.1
1528,2018-06-15,194.64,197.07,195.85,195.79
1529,2018-06-18,194.13,199.58,198.31,194.8
1530,2018-06-19,193.79,197.96,197.49,196.2352
1531,2018-06-20,198.805,203.55,202.0,199.1
1532,2018-06-21,200.09,203.39,201.5,202.76
1533,2018-06-22,199.31,202.24,201.74,201.16
1534,2018-06-25,193.11,200.0,196.35,200.0
1535,2018-06-26,196.23,199.1,199.0,197.6
1536,2018-06-27,195.8,200.75,195.84,199.18
1537,2018-06-28,193.26,197.34,196.23,195.18
1538,2018-06-29,193.955,197.5997,194.32,197.32
1539,2018-07-02,192.22,197.45,197.36,193.37
1540,2018-07-03,192.52,195.4,192.73,194.55
1541,2018-07-05,194.03,198.65,198.45,194.74
1542,2018-07-06,197.7,203.64,203.23,198.45
1543,2018-07-09,202.1201,205.8,204.74,204.93
1544,2018-07-10,202.26,204.91,203.54,204.5
1545,2018-07-11,201.75,204.5,202.54,202.22
1546,2018-07-12,203.19,207.08,206.92,203.43
1547,2018-07-13,206.45,208.43,207.32,207.81
1548,2018-07-16,206.84,208.72,207.23,207.5
1549,2018-07-17,204.84,210.46,209.99,204.9
1550,2018-07-18,208.44,210.99,209.36,209.82
1551,2018-07-19,207.76,209.99,208.09,208.77
1552,2018-07-20,208.5,211.5,209.94,208.85
1553,2018-07-23,208.8,211.62,210.91,210.58
1554,2018-07-24,212.6,216.2,214.67,215.11
1555,2018-07-25,214.27,218.62,217.5,215.715
1556,2018-07-26,173.75,180.13,176.26,174.89
1557,2018-07-27,173.0,179.93,174.89,179.87
1558,2018-07-30,166.56,175.3,171.06,175.3
1559,2018-07-31,170.0,174.24,172.58,170.67
1560,2018-08-01,170.9,175.08,171.65,173.93
1561,2018-08-02,170.27,176.79,176.37,170.68
1562,2018-08-03,176.15,178.85,177.78,177.69
1563,2018-08-06,178.38,185.79,185.69,178.97
1564,2018-08-07,183.72,188.3,183.81,186.5
1565,2018-08-08,183.76,186.85,185.18,184.75
1566,2018-08-09,182.48,186.57,183.09,185.8492
1567,2018-08-10,179.42,182.1,180.26,182.04
1568,2018-08-13,178.9,182.61,180.05,180.1
1569,2018-08-14,178.62,181.99,181.11,180.71
1570,2018-08-15,174.78,180.87,179.53,179.34
1571,2018-08-16,174.01,180.5,174.7,180.42
1572,2018-08-17,172.04,176.22,173.8,174.5
1573,2018-08-20,170.91,174.57,172.5,174.04
1574,2018-08-21,171.39,174.17,172.62,172.81
1575,2018-08-22,172.13,174.24,173.64,172.21
1576,2018-08-23,172.83,175.55,172.9,173.09
1577,2018-08-24,172.92,174.82,174.645,173.7
1578,2018-08-27,175.79,178.67,177.46,175.99
1579,2018-08-28,175.83,178.2399,176.26,178.1
1580,2018-08-29,174.75,176.79,175.9,176.295
1581,2018-08-30,175.7,179.7901,177.64,175.9
1582,2018-08-31,174.9815,177.62,175.73,177.15
1583,2018-09-04,168.8,173.89,171.16,173.5
1584,2018-09-05,166.67,171.125,167.18,169.49
1585,2018-09-06,160.0,166.98,162.53,166.98
1586,2018-09-07,160.16,164.6269,163.04,160.31
1587,2018-09-10,162.16,165.01,164.18,163.51
1588,2018-09-11,163.72,167.19,165.94,163.94
1589,2018-09-12,161.8,164.49,162.0,163.25
1590,2018-09-13,160.86,163.32,161.36,162.0
1591,2018-09-14,160.34,162.84,162.32,161.715
1592,2018-09-17,159.77,162.06,160.58,161.92
1593,2018-09-18,158.8656,161.7639,160.3,159.39
1594,2018-09-19,159.48,163.44,163.06,160.08
1595,2018-09-20,164.4722,166.45,166.02,164.5
1596,2018-09-21,162.81,167.25,162.93,166.64
1597,2018-09-24,160.88,165.7,165.41,161.03
1598,2018-09-25,161.15,165.59,164.91,161.99
1599,2018-09-26,164.21,169.3,166.95,164.3
1600,2018-09-27,167.21,171.77,168.84,167.55
1601,2018-09-28,162.56,168.79,164.46,168.33
1602,2018-10-01,161.26,165.88,162.44,163.03
1603,2018-10-02,158.67,162.28,159.33,161.58
1604,2018-10-03,159.53,163.66,162.43,160.0
1605,2018-10-04,157.35,161.46,158.85,161.46
1606,2018-10-05,156.2,160.9,157.33,159.21
1607,2018-10-08,154.39,158.34,157.25,155.54
1608,2018-10-09,157.42,160.59,157.9,157.69
1609,2018-10-10,151.31,157.69,151.38,156.82
1610,2018-10-11,149.16,154.81,153.35,150.13
1611,2018-10-12,151.2998,156.89,153.74,156.73
1612,2018-10-15,152.55,155.57,153.52,153.32
1613,2018-10-16,155.01,159.46,158.78,155.4
1614,2018-10-17,157.95,160.49,159.42,159.56
1615,2018-10-18,153.28,158.66,154.92,158.51
1616,2018-10-19,153.55,157.35,154.05,155.86
1617,2018-10-22,154.46,157.34,154.78,154.76
1618,2018-10-23,150.85,154.77,154.39,151.22
1619,2018-10-24,145.6,154.65,146.04,154.28
1620,2018-10-25,147.0,152.21,150.95,147.73
1621,2018-10-26,143.8,149.0,145.37,145.82
1622,2018-10-29,139.03,148.83,142.09,148.5
1623,2018-10-30,139.7419,146.64,146.22,139.935
1624,2018-10-31,148.96,156.4,151.79,155.0
1625,2018-11-01,149.35,152.75,151.75,151.52
1626,2018-11-02,148.96,154.13,150.35,151.8
1627,2018-11-05,147.44,150.19,148.68,150.1
1628,2018-11-06,148.0,150.97,149.94,149.31
1629,2018-11-07,149.83,153.01,151.53,151.57
1630,2018-11-08,146.74,150.94,147.87,150.49
1631,2018-11-09,144.07,147.76,144.96,146.75
1632,2018-11-12,140.4899,145.04,141.55,144.48
1633,2018-11-13,141.62,144.88,142.16,142.0
1634,2018-11-14,141.55,145.58,144.22,143.7
1635,2018-11-15,140.83,144.84,143.85,142.33
1636,2018-11-16,137.77,141.77,139.53,141.07
1637,2018-11-19,131.21,137.75,131.55,137.61
1638,2018-11-20,126.85,134.1592,132.43,127.03
1639,2018-11-21,134.13,137.19,134.82,134.4
1640,2018-11-23,131.2551,134.5,131.73,133.65
1641,2018-11-26,132.78,137.0,136.38,133.0
1642,2018-11-27,133.71,136.6126,135.0,135.75
1643,2018-11-28,131.85,136.7899,136.76,136.28
1644,2018-11-29,135.66,139.99,138.68,135.92
1645,2018-11-30,137.36,140.966,140.61,138.26
1646,2018-12-03,140.76,143.6799,141.09,143.0
1647,2018-12-04,137.16,143.39,137.93,140.73
1648,2018-12-06,133.67,139.7,139.63,133.82
1649,2018-12-07,136.6566,140.87,137.42,139.25
1650,2018-12-10,139.01,143.05,141.85,139.6
1651,2018-12-11,141.1,143.88,142.08,143.88
1652,2018-12-12,142.51,147.19,144.5,143.08
1653,2018-12-13,143.19,145.85,145.01,145.57
1654,2018-12-14,142.51,146.01,144.06,143.34
